{
  "threshold": 0.00021543737675528974,
  "behavior_weights": {
    "1": 0.5,
    "6": 0.5,
    "0": 0.5,
    "5": 0.5,
    "31": 0.5,
    "3": 0.5,
    "15": 9.337820738140085e-13,
    "2": 0.5,
    "13": 0.5,
    "4": 0.5,
    "12": 0.5,
    "16": 0.5,
    "8": 1.107565506381005e-33,
    "20": 0.5,
    "30": 0.5,
    "7": 2.005662939774524e-08,
    "29": 2.308549890943429e-55,
    "9": 0.5,
    "11": 0.5,
    "17": 0.5,
    "18": 0.5,
    "21": 0.5,
    "19": 0.5,
    "28": 0.5,
    "24": 0.5,
    "22": 4.5682748652392846e-220,
    "10": 0.5,
    "26": 0.5,
    "14": 0.5,
    "27": 1.971448203239024e-51,
    "23": 0.5,
    "32": 0.5,
    "25": 1.7103813905203013e-14
  },
  "vocab_size": 234,
  "epochs_completed": 60,
  "train_loss": 0.0009420664732302116,
  "val_loss": 0.005526241846382618
}